지점,시간,평균기온(°C),평균풍속(m/s),평균운량,일조시간합,전천일사합,위도,경도
속초(90),1,-1.4,2.0,,214.7,,38.2509,128.5647
속초(90),2,-0.5,2.1,,218.5,,38.2509,128.5647
속초(90),3,8.0,2.2,,171.2,,38.2509,128.5647
속초(90),4,13.0,2.3,,227.6,,38.2509,128.5647
속초(90),5,15.9,2.0,,186.4,,38.2509,128.5647
속초(90),6,21.3,1.7,,208.8,,38.2509,128.5647
속초(90),7,25.0,1.6,,209.3,,38.2509,128.5647
속초(90),8,25.6,1.6,6.0,185.3,,38.2509,128.5647
속초(90),9,20.0,1.5,5.5,196.1,,38.2509,128.5647
속초(90),10,13.5,1.8,3.6,229.5,,38.2509,128.5647
속초(90),11,9.2,1.6,4.1,165.7,,38.2509,128.5647
속초(90),12,1.6,1.8,3.4,208.0,,38.2509,128.5647
북춘천(93),1,-6.0,1.3,3.9,203.0,297.61,37.9475,127.7547
북춘천(93),2,-3.4,1.5,3.6,214.2,345.45,37.9475,127.7547
북춘천(93),3,7.0,1.8,4.6,204.3,434.45,37.9475,127.7547
북춘천(93),4,12.0,1.9,4.9,218.7,505.89,37.9475,127.7547
북춘천(93),5,17.2,1.7,5.4,233.2,577.58,37.9475,127.7547
북춘천(93),6,22.6,1.5,5.6,252.8,628.31,37.9475,127.7547
북춘천(93),7,26.3,1.3,5.0,243.9,520.07,37.9475,127.7547
북춘천(93),8,26.9,1.3,6.1,223.0,464.48,37.9475,127.7547
북춘천(93),9,19.1,1.1,5.4,205.5,397.14,37.9475,127.7547
북춘천(93),10,10.3,1.1,4.5,200.3,314.48,37.9475,127.7547
북춘천(93),11,5.1,0.7,5.1,148.2,206.42,37.9475,127.7547
북춘천(93),12,-3.2,1.0,3.9,194.9,216.07,37.9475,127.7547
철원(95),1,-7.3,1.1,,185.7,,38.1479,127.3042
철원(95),2,-4.4,1.5,,206.4,,38.1479,127.3042
철원(95),3,6.2,2.1,,202.7,,38.1479,127.3042
철원(95),4,11.2,2.5,,203.6,,38.1479,127.3042
철원(95),5,16.8,2.2,,231.4,,38.1479,127.3042
철원(95),6,21.7,1.8,,232.2,,38.1479,127.3042
철원(95),7,25.4,2.0,,234.6,,38.1479,127.3042
철원(95),8,26.3,1.9,6.0,235.2,,38.1479,127.3042
철원(95),9,18.8,1.5,4.9,206.9,,38.1479,127.3042
철원(95),10,9.9,1.3,3.9,217.6,,38.1479,127.3042
철원(95),11,4.5,1.0,4.1,159.0,,38.1479,127.3042
철원(95),12,-4.0,1.0,4.0,190.8,,38.1479,127.3042
동두천(98),1,-5.4,1.7,,198.0,,37.9019,127.0607
동두천(98),2,-2.6,1.9,,215.0,,37.9019,127.0607
동두천(98),3,7.4,1.9,,209.0,,37.9019,127.0607
동두천(98),4,12.4,2.1,,215.9,,37.9019,127.0607
동두천(98),5,17.4,1.8,,242.6,,37.9019,127.0607
동두천(98),6,22.1,1.5,,237.0,,37.9019,127.0607
동두천(98),7,26.3,1.4,,240.5,,37.9019,127.0607
동두천(98),8,27.2,1.5,5.8,226.3,,37.9019,127.0607
동두천(98),9,19.8,1.3,4.8,210.0,,37.9019,127.0607
동두천(98),10,11.4,1.4,3.8,230.7,,37.9019,127.0607
동두천(98),11,6.4,1.2,4.2,166.6,,37.9019,127.0607
동두천(98),12,-2.0,1.5,3.7,198.7,,37.9019,127.0607
파주(99),1,-6.8,1.4,,200.4,,37.8859,126.7665
파주(99),2,-4.2,1.7,,216.3,,37.8859,126.7665
파주(99),3,5.8,2.0,,207.8,,37.8859,126.7665
파주(99),4,10.6,2.2,,220.8,,37.8859,126.7665
파주(99),5,16.0,1.8,,236.0,,37.8859,126.7665
파주(99),6,20.8,1.5,,230.2,,37.8859,126.7665
파주(99),7,25.5,1.4,,245.2,,37.8859,126.7665
파주(99),8,26.5,1.4,5.6,230.2,,37.8859,126.7665
파주(99),9,19.2,1.3,4.6,220.6,,37.8859,126.7665
파주(99),10,10.3,1.2,3.9,220.4,,37.8859,126.7665
파주(99),11,5.0,1.0,4.1,165.2,,37.8859,126.7665
파주(99),12,-3.2,1.2,3.7,199.7,,37.8859,126.7665
대관령(100),1,-8.5,4.7,,238.3,304.65,37.6771,128.7183
대관령(100),2,-6.5,4.8,,233.3,350.85,37.6771,128.7183
대관령(100),3,2.3,4.3,,231.0,445.11,37.6771,128.7183
대관령(100),4,8.1,4.3,,268.4,550.5,37.6771,128.7183
대관령(100),5,12.5,3.8,,265.0,565.92,37.6771,128.7183
대관령(100),6,17.1,2.7,,267.3,602.53,37.6771,128.7183
대관령(100),7,21.4,2.9,,239.5,556.56,37.6771,128.7183
대관령(100),8,21.1,2.6,6.7,183.0,478.48,37.6771,128.7183
대관령(100),9,14.2,2.4,6.2,132.1,358.66,37.6771,128.7183
대관령(100),10,6.9,3.3,4.1,225.6,344.73,37.6771,128.7183
대관령(100),11,2.7,2.8,4.2,170.1,227.38,37.6771,128.7183
대관령(100),12,-5.0,3.7,4.0,207.4,227.76,37.6771,128.7183
춘천(101),1,-5.5,1.3,,186.7,274.35,37.9026,127.7357
춘천(101),2,-3.0,1.5,,201.9,323.46,37.9026,127.7357
춘천(101),3,7.3,1.9,,203.2,418.73,37.9026,127.7357
춘천(101),4,12.4,1.9,,217.7,498.66,37.9026,127.7357
춘천(101),5,17.7,1.7,,231.5,566.15,37.9026,127.7357
춘천(101),6,23.1,1.7,,252.0,622.37,37.9026,127.7357
춘천(101),7,26.7,1.5,,245.0,598.56,37.9026,127.7357
춘천(101),8,27.3,1.6,,232.7,545.21,37.9026,127.7357
춘천(101),9,19.6,1.5,,207.8,449.98,37.9026,127.7357
춘천(101),10,10.9,1.2,,188.7,325.79,37.9026,127.7357
춘천(101),11,5.6,1.0,,134.3,209.29,37.9026,127.7357
춘천(101),12,-2.8,1.1,,178.8,223.95,37.9026,127.7357
백령도(102),1,-2.9,3.8,7.3,102.5,,37.974000000000004,124.7124
백령도(102),2,-1.8,4.1,5.6,158.8,,37.974000000000004,124.7124
백령도(102),3,4.1,4.2,5.9,192.0,,37.974000000000004,124.7124
백령도(102),4,9.3,5.1,5.1,207.6,,37.974000000000004,124.7124
백령도(102),5,13.2,4.1,5.8,211.0,621.3,37.974000000000004,124.7124
백령도(102),6,18.3,2.8,6.9,178.5,626.45,37.974000000000004,124.7124
백령도(102),7,23.0,3.1,6.9,189.0,618.28,37.974000000000004,124.7124
백령도(102),8,24.9,2.9,5.2,271.4,660.12,37.974000000000004,124.7124
백령도(102),9,19.8,3.2,4.8,213.8,526.42,37.974000000000004,124.7124
백령도(102),10,13.9,4.0,4.3,247.2,469.54,37.974000000000004,124.7124
백령도(102),11,9.2,3.6,4.5,133.7,282.97,37.974000000000004,124.7124
백령도(102),12,1.1,5.9,6.3,113.5,221.58,37.974000000000004,124.7124
북강릉(104),1,-0.8,2.1,3.1,218.5,303.7,37.8046,128.8554
북강릉(104),2,0.1,2.2,3.1,217.7,358.05,37.8046,128.8554
북강릉(104),3,8.2,2.1,4.6,201.3,428.17,37.8046,128.8554
북강릉(104),4,13.4,2.2,4.4,227.0,525.68,37.8046,128.8554
북강릉(104),5,16.2,1.9,6.1,201.5,534.29,37.8046,128.8554
북강릉(104),6,21.6,1.6,5.8,230.2,609.58,37.8046,128.8554
북강릉(104),7,25.1,1.3,5.5,227.5,567.85,37.8046,128.8554
북강릉(104),8,24.9,1.3,6.8,164.3,457.4,37.8046,128.8554
북강릉(104),9,19.2,1.2,6.3,168.5,415.04,37.8046,128.8554
북강릉(104),10,13.2,1.9,3.8,226.5,387.21,37.8046,128.8554
북강릉(104),11,9.2,1.5,4.3,171.7,250.11,37.8046,128.8554
북강릉(104),12,2.1,1.8,3.3,206.9,257.08,37.8046,128.8554
강릉(105),1,-0.2,3.3,,225.5,321.75,37.7515,128.891
강릉(105),2,0.5,3.0,,224.2,376.58,37.7515,128.891
강릉(105),3,9.2,2.7,,210.9,459.2,37.7515,128.891
강릉(105),4,14.5,2.8,,242.6,567.54,37.7515,128.891
강릉(105),5,17.3,2.2,,208.6,572.89,37.7515,128.891
강릉(105),6,23.2,2.0,,235.5,650.56,37.7515,128.891
강릉(105),7,26.8,1.9,,231.7,609.99,37.7515,128.891
강릉(105),8,26.2,1.7,6.4,182.9,496.61,37.7515,128.891
강릉(105),9,20.0,1.9,6.0,178.6,439.54,37.7515,128.891
강릉(105),10,14.1,2.6,3.8,238.7,423.87,37.7515,128.891
강릉(105),11,10.0,2.2,4.2,185.5,276.35,37.7515,128.891
강릉(105),12,2.7,2.8,3.8,217.8,282.61,37.7515,128.891
동해(106),1,0.9,2.5,,213.4,,37.5071,129.1243
동해(106),2,1.5,2.5,,212.2,,37.5071,129.1243
동해(106),3,8.9,2.7,,203.2,,37.5071,129.1243
동해(106),4,13.5,2.5,,235.4,,37.5071,129.1243
동해(106),5,16.2,2.2,,202.4,,37.5071,129.1243
동해(106),6,20.8,1.6,,215.3,,37.5071,129.1243
동해(106),7,24.6,1.7,,228.3,,37.5071,129.1243
동해(106),8,24.9,1.4,6.4,164.8,,37.5071,129.1243
동해(106),9,19.4,1.7,6.2,155.2,,37.5071,129.1243
동해(106),10,13.9,2.1,3.8,208.1,,37.5071,129.1243
동해(106),11,10.1,1.8,4.2,171.1,,37.5071,129.1243
동해(106),12,3.2,2.2,3.8,207.0,,37.5071,129.1243
서울(108),1,-4.0,1.9,4.3,186.7,158.99,37.5714,126.9658
서울(108),2,-1.6,2.2,3.9,194.2,309.28,37.5714,126.9658
서울(108),3,8.1,1.9,5.2,209.1,446.41,37.5714,126.9658
서울(108),4,13.0,2.0,4.7,223.4,513.19,37.5714,126.9658
서울(108),5,18.2,1.7,5.4,231.6,561.24,37.5714,126.9658
서울(108),6,23.1,1.7,5.9,236.6,602.59,37.5714,126.9658
서울(108),7,27.8,1.5,5.1,228.5,561.1,37.5714,126.9658
서울(108),8,28.8,1.7,5.8,232.5,517.16,37.5714,126.9658
서울(108),9,21.5,1.6,5.1,218.7,470.96,37.5714,126.9658
서울(108),10,13.1,1.5,3.7,241.9,403.34,37.5714,126.9658
서울(108),11,7.8,1.4,4.0,177.6,265.35,37.5714,126.9658
서울(108),12,-0.6,1.8,3.8,199.9,253.64,37.5714,126.9658
인천(112),1,-3.8,3.5,4.3,208.9,168.8,37.4777,126.6249
인천(112),2,-1.8,3.6,3.9,219.2,237.67,37.4777,126.6249
인천(112),3,6.9,3.3,5.5,204.7,440.44,37.4777,126.6249
인천(112),4,11.9,3.4,4.9,221.1,515.49,37.4777,126.6249
인천(112),5,17.0,3.0,5.6,221.9,566.66,37.4777,126.6249
인천(112),6,21.2,2.3,6.4,224.6,603.83,37.4777,126.6249
인천(112),7,26.6,2.6,4.9,279.3,636.55,37.4777,126.6249
인천(112),8,28.1,3.0,5.7,255.5,571.02,37.4777,126.6249
인천(112),9,21.6,3.0,5.2,219.2,458.46,37.4777,126.6249
인천(112),10,13.8,2.9,3.8,257.2,408.47,37.4777,126.6249
인천(112),11,8.5,2.6,4.2,192.4,269.32,37.4777,126.6249
인천(112),12,-0.2,3.6,3.9,211.5,259.01,37.4777,126.6249
원주(114),1,-3.8,0.9,,189.0,300.19,37.3376,127.9466
원주(114),2,-1.6,1.0,,189.8,341.03,37.3376,127.9466
원주(114),3,8.2,1.3,,196.9,466.11,37.3376,127.9466
원주(114),4,13.2,1.4,,202.9,527.96,37.3376,127.9466
원주(114),5,17.9,1.2,,201.0,581.54,37.3376,127.9466
원주(114),6,23.0,1.2,,231.1,622.92,37.3376,127.9466
원주(114),7,27.1,1.1,,247.9,636.31,37.3376,127.9466
원주(114),8,27.4,1.3,6.3,200.3,530.89,37.3376,127.9466
원주(114),9,19.9,1.0,5.6,189.2,459.98,37.3376,127.9466
원주(114),10,11.6,0.8,4.6,206.2,394.26,37.3376,127.9466
원주(114),11,6.8,0.6,4.3,173.7,270.77,37.3376,127.9466
원주(114),12,-1.1,0.8,4.2,185.9,255.78,37.3376,127.9466
울릉도(115),1,0.4,3.2,7.3,113.3,124.06,37.4813,130.8986
울릉도(115),2,0.7,4.3,6.6,159.2,196.58,37.4813,130.8986
울릉도(115),3,6.9,5.8,4.8,215.8,310.28,37.4813,130.8986
울릉도(115),4,11.9,4.7,4.7,235.4,373.86,37.4813,130.8986
울릉도(115),5,15.6,4.7,6.2,233.4,407.36,37.4813,130.8986
울릉도(115),6,19.8,4.5,6.5,210.4,386.07,37.4813,130.8986
울릉도(115),7,25.0,4.0,5.3,240.9,415.79,37.4813,130.8986
울릉도(115),8,25.4,3.3,6.4,236.7,371.9,37.4813,130.8986
울릉도(115),9,20.2,3.8,7.0,164.4,265.22,37.4813,130.8986
울릉도(115),10,14.8,3.8,5.7,209.0,255.92,37.4813,130.8986
울릉도(115),11,10.7,3.4,5.3,166.5,174.4,37.4813,130.8986
울릉도(115),12,4.3,3.5,7.6,104.9,110.01,37.4813,130.8986
,1,,,,,,,
,2,,,,,,,
,3,,,,,,,
,4,,,,,,,
,5,,,,,,,
,6,,,,,,,
,7,,,,,,,
,8,,,,,,,
,9,,,,,,,
,10,,,,,,,
,11,,,,,,,
,12,,,,,,,
수원(119),1,-3.6,1.8,4.0,194.1,231.84,37.2723,126.9853
수원(119),2,-1.6,2.0,3.7,201.3,279.52,37.2723,126.9853
수원(119),3,7.9,2.1,5.0,212.2,377.9,37.2723,126.9853
수원(119),4,12.6,2.0,4.5,219.2,493.31,37.2723,126.9853
수원(119),5,17.9,2.0,5.4,219.3,564.21,37.2723,126.9853
수원(119),6,22.6,1.9,5.8,229.2,610.81,37.2723,126.9853
수원(119),7,27.5,1.8,4.7,255.2,609.73,37.2723,126.9853
수원(119),8,28.4,2.1,5.5,234.8,546.86,37.2723,126.9853
수원(119),9,21.1,1.9,5.0,212.3,459.39,37.2723,126.9853
수원(119),10,12.6,1.4,3.6,240.8,399.52,37.2723,126.9853
수원(119),11,7.7,1.3,3.9,186.7,271.71,37.2723,126.9853
수원(119),12,-0.3,1.7,3.7,200.4,253.86,37.2723,126.9853
영월(121),1,-4.0,1.1,,191.7,,37.1813,128.4574
영월(121),2,-2.0,1.3,,199.1,,37.1813,128.4574
영월(121),3,7.4,1.5,,214.0,,37.1813,128.4574
영월(121),4,12.6,1.3,,219.6,,37.1813,128.4574
영월(121),5,16.9,1.2,,201.4,,37.1813,128.4574
영월(121),6,21.8,1.3,,204.3,,37.1813,128.4574
영월(121),7,25.7,1.1,,227.7,,37.1813,128.4574
영월(121),8,26.0,1.1,6.5,181.7,,37.1813,128.4574
영월(121),9,18.6,1.0,6.3,147.3,,37.1813,128.4574
영월(121),10,10.8,1.0,5.2,178.0,,37.1813,128.4574
영월(121),11,6.0,0.7,4.5,145.4,,37.1813,128.4574
영월(121),12,-1.4,0.9,4.1,190.4,,37.1813,128.4574
충주(127),1,-4.7,1.4,,162.1,,36.9704,127.9527
충주(127),2,-2.5,1.7,,195.8,,36.9704,127.9527
충주(127),3,7.5,1.8,,197.9,,36.9704,127.9527
충주(127),4,12.8,1.9,,215.3,,36.9704,127.9527
충주(127),5,17.9,1.6,,206.5,,36.9704,127.9527
충주(127),6,22.7,1.6,,225.6,,36.9704,127.9527
충주(127),7,27.2,1.5,,246.2,,36.9704,127.9527
충주(127),8,27.6,1.6,6.1,195.4,,36.9704,127.9527
충주(127),9,19.9,1.5,5.7,185.8,,36.9704,127.9527
충주(127),10,11.1,1.3,4.8,186.9,,36.9704,127.9527
충주(127),11,5.9,1.0,4.1,160.3,,36.9704,127.9527
충주(127),12,-1.8,1.2,4.2,170.5,,36.9704,127.9527
서산(129),1,-3.2,1.9,,178.8,218.43,36.7766,126.4939
서산(129),2,-1.7,2.3,,206.3,358.79,36.7766,126.4939
서산(129),3,6.7,2.3,,206.6,466.24,36.7766,126.4939
서산(129),4,11.7,2.4,,235.3,559.79,36.7766,126.4939
서산(129),5,17.1,2.3,,233.8,601.27,36.7766,126.4939
서산(129),6,21.6,1.7,,237.5,616.93,36.7766,126.4939
서산(129),7,26.5,1.8,,279.3,647.24,36.7766,126.4939
서산(129),8,27.4,1.9,5.5,255.4,584.81,36.7766,126.4939
서산(129),9,20.3,1.6,4.9,214.2,503.01,36.7766,126.4939
서산(129),10,12.3,1.7,4.3,246.5,431.79,36.7766,126.4939
서산(129),11,7.4,1.2,4.2,179.7,281.11,36.7766,126.4939
서산(129),12,0.6,1.9,5.5,186.6,263.7,36.7766,126.4939
울진(130),1,0.1,2.7,,206.5,,36.9918,129.4128
울진(130),2,0.8,2.9,,209.5,,36.9918,129.4128
울진(130),3,8.8,3.6,,215.3,,36.9918,129.4128
울진(130),4,13.6,3.3,,236.3,,36.9918,129.4128
울진(130),5,16.4,2.7,,192.9,,36.9918,129.4128
울진(130),6,20.2,2.2,,204.1,,36.9918,129.4128
울진(130),7,24.7,2.2,,235.4,,36.9918,129.4128
울진(130),8,25.5,1.9,6.4,172.0,,36.9918,129.4128
울진(130),9,19.9,2.2,6.7,136.3,,36.9918,129.4128
울진(130),10,13.5,2.6,3.8,205.7,,36.9918,129.4128
울진(130),11,8.9,2.2,4.2,163.2,,36.9918,129.4128
울진(130),12,3.2,2.7,4.0,206.4,,36.9918,129.4128
청주(131),1,-2.9,1.5,4.8,183.5,255.67,36.6392,127.4407
청주(131),2,-0.7,1.6,3.9,217.3,326.83,36.6392,127.4407
청주(131),3,8.5,1.8,4.6,195.5,405.33,36.6392,127.4407
청주(131),4,14.1,1.9,4.8,236.7,557.56,36.6392,127.4407
청주(131),5,19.3,1.9,5.7,238.5,621.0,36.6392,127.4407
청주(131),6,23.8,1.9,5.8,245.0,644.32,36.6392,127.4407
청주(131),7,28.2,1.7,5.1,272.2,640.76,36.6392,127.4407
청주(131),8,28.9,2.0,6.2,228.6,554.85,36.6392,127.4407
청주(131),9,21.3,1.8,5.5,210.8,465.75,36.6392,127.4407
청주(131),10,13.3,1.5,3.9,231.8,415.49,36.6392,127.4407
청주(131),11,8.4,1.1,4.0,184.6,278.18,36.6392,127.4407
청주(131),12,0.3,1.4,4.3,196.3,260.23,36.6392,127.4407
대전(133),1,-2.5,1.3,4.8,180.2,206.12,36.372,127.3721
대전(133),2,-0.4,1.6,4.0,203.0,239.65,36.372,127.3721
대전(133),3,8.7,1.8,4.5,202.6,491.91,36.372,127.3721
대전(133),4,13.9,2.0,4.5,234.0,523.88,36.372,127.3721
대전(133),5,19.2,1.8,5.6,226.4,665.57,36.372,127.3721
대전(133),6,23.6,1.7,5.6,232.3,683.76,36.372,127.3721
대전(133),7,27.9,1.5,4.9,254.8,666.2,36.372,127.3721
대전(133),8,29.0,1.9,5.7,220.5,599.59,36.372,127.3721
대전(133),9,21.2,1.6,5.5,196.7,492.13,36.372,127.3721
대전(133),10,13.0,1.2,3.9,224.2,443.03,36.372,127.3721
대전(133),11,8.0,0.9,4.2,177.1,297.3,36.372,127.3721
대전(133),12,0.6,1.2,4.3,190.3,279.97,36.372,127.3721
추풍령(135),1,-3.4,3.7,,202.5,307.21,36.2202,127.9946
추풍령(135),2,-1.4,3.5,,212.0,358.17,36.2202,127.9946
추풍령(135),3,7.1,2.9,,215.9,467.92,36.2202,127.9946
추풍령(135),4,12.7,3.2,,241.4,552.92,36.2202,127.9946
추풍령(135),5,17.3,2.7,,213.8,577.31,36.2202,127.9946
추풍령(135),6,21.6,2.6,,210.7,585.87,36.2202,127.9946
추풍령(135),7,25.9,2.2,,244.3,617.51,36.2202,127.9946
추풍령(135),8,26.3,2.3,6.1,212.1,528.9,36.2202,127.9946
추풍령(135),9,19.0,2.3,6.3,172.9,415.21,36.2202,127.9946
추풍령(135),10,11.5,2.5,4.4,227.0,416.45,36.2202,127.9946
추풍령(135),11,6.6,2.0,4.2,185.0,283.94,36.2202,127.9946
추풍령(135),12,-0.4,3.1,4.4,190.2,262.3,36.2202,127.9946
안동(136),1,-3.1,2.0,3.7,233.7,296.22,36.5729,128.7073
안동(136),2,-0.7,2.0,3.6,239.6,364.52,36.5729,128.7073
안동(136),3,7.9,1.9,4.3,243.7,466.16,36.5729,128.7073
안동(136),4,13.8,2.1,4.4,251.7,604.79,36.5729,128.7073
안동(136),5,18.4,1.7,5.6,235.8,659.04,36.5729,128.7073
안동(136),6,22.7,1.6,5.9,224.2,634.73,36.5729,128.7073
안동(136),7,27.5,1.6,4.8,275.6,711.72,36.5729,128.7073
안동(136),8,27.3,1.8,6.1,241.1,596.48,36.5729,128.7073
안동(136),9,19.8,1.3,6.6,177.4,443.06,36.5729,128.7073
안동(136),10,12.3,1.3,4.5,213.1,441.63,36.5729,128.7073
안동(136),11,6.8,0.9,5.2,158.5,290.14,36.5729,128.7073
안동(136),12,-0.2,1.5,4.1,204.0,285.37,36.5729,128.7073
상주(137),1,-2.3,2.4,,191.9,,36.4084,128.1574
상주(137),2,0.0,2.3,,198.4,,36.4084,128.1574
상주(137),3,8.5,2.0,,198.1,,36.4084,128.1574
상주(137),4,14.3,1.9,,236.6,,36.4084,128.1574
상주(137),5,18.7,1.4,,211.9,,36.4084,128.1574
상주(137),6,23.3,1.3,,205.2,,36.4084,128.1574
상주(137),7,27.3,1.0,,245.8,,36.4084,128.1574
상주(137),8,27.5,1.1,6.2,210.3,,36.4084,128.1574
상주(137),9,20.0,1.0,6.2,158.9,,36.4084,128.1574
상주(137),10,12.5,1.3,4.3,202.8,,36.4084,128.1574
상주(137),11,7.3,1.0,4.4,156.1,,36.4084,128.1574
상주(137),12,0.4,2.0,4.2,185.1,,36.4084,128.1574
포항(138),1,0.6,2.8,3.1,223.9,186.43,36.032,129.38
포항(138),2,2.5,2.7,3.4,224.5,217.83,36.032,129.38
포항(138),3,10.2,3.3,4.6,222.1,341.72,36.032,129.38
포항(138),4,15.5,3.2,4.1,259.6,553.16,36.032,129.38
포항(138),5,18.7,3.1,6.0,222.9,552.3,36.032,129.38
포항(138),6,23.3,2.7,6.3,218.7,536.39,36.032,129.38
포항(138),7,27.3,2.7,5.1,257.1,581.93,36.032,129.38
포항(138),8,27.7,2.7,6.1,223.9,505.79,36.032,129.38
포항(138),9,21.9,2.6,7.4,127.9,343.26,36.032,129.38
포항(138),10,15.5,2.6,3.7,238.5,395.8,36.032,129.38
포항(138),11,10.9,2.1,3.5,197.7,279.82,36.032,129.38
포항(138),12,4.0,2.6,4.2,178.6,245.44,36.032,129.38
군산(140),1,-1.8,2.0,,176.8,,36.0053,126.7614
군산(140),2,-0.1,2.5,,194.1,,36.0053,126.7614
군산(140),3,7.8,2.1,,197.8,,36.0053,126.7614
군산(140),4,12.6,2.6,,225.2,,36.0053,126.7614
군산(140),5,17.7,2.5,,203.8,,36.0053,126.7614
군산(140),6,22.0,2.1,,229.2,,36.0053,126.7614
군산(140),7,26.9,1.9,,285.7,,36.0053,126.7614
군산(140),8,27.7,2.2,5.7,245.5,,36.0053,126.7614
군산(140),9,21.2,1.5,5.4,202.1,,36.0053,126.7614
군산(140),10,13.6,1.9,4.1,235.1,,36.0053,126.7614
군산(140),11,8.7,1.1,4.3,186.3,,36.0053,126.7614
군산(140),12,1.9,1.7,5.4,185.3,,36.0053,126.7614
대구(143),1,-0.9,2.5,3.9,216.3,311.43,35.878,128.653
대구(143),2,1.3,2.5,3.6,209.0,356.28,35.878,128.653
대구(143),3,9.2,2.3,4.3,219.3,470.41,35.878,128.653
대구(143),4,15.0,2.6,4.6,247.6,559.89,35.878,128.653
대구(143),5,19.2,2.4,6.1,203.8,569.94,35.878,128.653
대구(143),6,23.6,2.2,6.1,201.5,575.54,35.878,128.653
대구(143),7,28.2,2.2,5.1,225.4,583.52,35.878,128.653
대구(143),8,27.7,2.4,5.8,219.8,544.94,35.878,128.653
대구(143),9,21.0,1.9,6.7,142.6,391.07,35.878,128.653
대구(143),10,14.3,1.8,3.6,238.8,417.44,35.878,128.653
대구(143),11,8.8,1.3,3.5,186.2,290.08,35.878,128.653
대구(143),12,2.0,2.1,4.0,185.0,260.56,35.878,128.653
전주(146),1,-1.5,1.7,4.7,178.3,288.19,35.8408,127.119
전주(146),2,0.4,1.9,4.5,197.3,369.12,35.8408,127.119
전주(146),3,9.0,1.9,4.6,209.4,487.52,35.8408,127.119
전주(146),4,14.0,2.0,4.8,219.8,568.67,35.8408,127.119
전주(146),5,18.9,1.8,5.7,204.9,606.0,35.8408,127.119
전주(146),6,23.1,1.5,5.6,206.4,626.09,35.8408,127.119
전주(146),7,27.8,1.5,4.8,256.6,682.56,35.8408,127.119
전주(146),8,28.6,1.8,5.7,225.2,583.99,35.8408,127.119
전주(146),9,21.7,1.5,5.8,180.3,472.4,35.8408,127.119
전주(146),10,13.9,1.7,4.0,221.0,432.22,35.8408,127.119
전주(146),11,9.2,1.4,3.8,187.4,298.67,35.8408,127.119
전주(146),12,2.0,1.6,5.1,175.0,263.87,35.8408,127.119
울산(152),1,0.7,2.5,3.3,224.2,,35.5825,129.3347
울산(152),2,2.6,2.6,3.6,215.3,,35.5825,129.3347
울산(152),3,9.5,2.7,4.3,223.3,,35.5825,129.3347
울산(152),4,14.5,2.4,4.3,247.6,,35.5825,129.3347
울산(152),5,18.1,2.3,6.0,217.4,,35.5825,129.3347
울산(152),6,21.6,1.8,6.3,196.1,,35.5825,129.3347
울산(152),7,26.8,1.9,4.6,265.0,,35.5825,129.3347
울산(152),8,27.0,2.1,5.5,243.7,,35.5825,129.3347
울산(152),9,21.1,2.0,7.2,122.9,,35.5825,129.3347
울산(152),10,15.1,2.0,3.8,238.6,,35.5825,129.3347
울산(152),11,10.7,1.7,3.5,200.5,,35.5825,129.3347
울산(152),12,4.1,2.4,4.4,185.3,,35.5825,129.3347
창원(155),1,0.3,1.7,3.8,208.9,345.92,35.1702,128.5729
창원(155),2,2.6,1.8,3.7,201.4,401.9,35.1702,128.5729
창원(155),3,9.1,1.9,4.2,205.7,498.56,35.1702,128.5729
창원(155),4,14.4,1.8,4.7,231.3,585.93,35.1702,128.5729
창원(155),5,18.1,1.8,6.1,188.6,573.34,35.1702,128.5729
창원(155),6,21.7,1.6,6.1,186.9,603.37,35.1702,128.5729
창원(155),7,27.1,1.5,4.7,166.4,670.19,35.1702,128.5729
창원(155),8,27.5,1.7,5.6,192.3,525.49,35.1702,128.5729
창원(155),9,21.3,1.3,7.1,122.4,381.42,35.1702,128.5729
창원(155),10,15.1,1.5,3.6,221.9,455.43,35.1702,128.5729
창원(155),11,10.1,1.2,3.6,191.0,339.45,35.1702,128.5729
창원(155),12,3.2,1.8,4.4,181.8,296.07,35.1702,128.5729
광주(156),1,-0.2,1.5,4.7,170.4,292.12,35.1729,126.8916
광주(156),2,1.8,1.6,4.8,172.7,352.83,35.1729,126.8916
광주(156),3,10.0,1.8,4.9,200.0,445.57,35.1729,126.8916
광주(156),4,15.1,1.7,4.7,218.2,579.66,35.1729,126.8916
광주(156),5,19.5,1.6,5.9,189.0,581.84,35.1729,126.8916
광주(156),6,23.6,1.5,6.0,204.9,630.27,35.1729,126.8916
광주(156),7,28.3,1.7,4.7,234.3,660.92,35.1729,126.8916
광주(156),8,28.4,2.0,6.0,229.0,590.22,35.1729,126.8916
광주(156),9,21.6,1.5,6.2,159.3,461.03,35.1729,126.8916
광주(156),10,14.5,1.4,4.0,225.7,456.15,35.1729,126.8916
광주(156),11,9.9,1.0,3.8,197.1,335.3,35.1729,126.8916
광주(156),12,3.2,1.7,5.2,171.9,284.78,35.1729,126.8916
부산(159),1,1.9,3.1,3.5,227.3,311.47,35.1047,129.032
부산(159),2,3.9,3.5,3.6,226.9,349.31,35.1047,129.032
부산(159),3,10.0,3.9,4.2,213.1,325.17,35.1047,129.032
부산(159),4,14.5,4.0,4.8,245.8,421.12,35.1047,129.032
부산(159),5,17.8,3.8,6.2,216.5,265.31,35.1047,129.032
부산(159),6,21.5,3.1,6.3,198.9,563.45,35.1047,129.032
부산(159),7,26.7,3.0,4.4,283.4,446.43,35.1047,129.032
부산(159),8,27.9,3.5,5.3,260.0,,35.1047,129.032
부산(159),9,21.9,3.0,7.2,142.1,202.97,35.1047,129.032
부산(159),10,16.4,2.0,3.7,245.8,443.16,35.1047,129.032
부산(159),11,12.4,2.3,3.3,214.0,334.54,35.1047,129.032
부산(159),12,5.7,2.9,4.3,194.0,292.19,35.1047,129.032
통영(162),1,1.8,2.7,,183.9,,34.8455,128.4356
통영(162),2,3.6,2.7,,207.5,,34.8455,128.4356
통영(162),3,9.3,2.6,,207.6,,34.8455,128.4356
통영(162),4,14.1,2.6,,209.7,,34.8455,128.4356
통영(162),5,17.9,2.4,,184.5,,34.8455,128.4356
통영(162),6,21.2,2.0,,210.8,,34.8455,128.4356
통영(162),7,26.3,2.0,,267.4,,34.8455,128.4356
통영(162),8,27.9,2.7,5.6,225.7,,34.8455,128.4356
통영(162),9,21.8,2.3,6.8,128.7,,34.8455,128.4356
통영(162),10,16.2,2.3,4.0,228.6,,34.8455,128.4356
통영(162),11,11.6,1.9,4.0,182.7,,34.8455,128.4356
통영(162),12,5.3,2.7,4.6,162.9,,34.8455,128.4356
,1,,,,,,,
,2,,,,,,,
,3,,,,,,,
,4,,,,,,,
,5,,,,,,,
,6,,,,,,,
,7,,,,,,,
,8,,,,,,,
,9,,,,,,,
,10,,,,,,,
,11,,,,,,,
,12,,,,,,,
목포(165),1,0.1,4.2,6.3,166.0,238.42,34.8169,126.3812
목포(165),2,1.1,4.2,5.4,167.9,266.79,34.8169,126.3812
목포(165),3,8.6,3.1,5.3,196.1,383.44,34.8169,126.3812
목포(165),4,13.7,3.7,5.1,219.3,482.24,34.8169,126.3812
목포(165),5,18.2,3.3,6.3,167.8,532.37,34.8169,126.3812
목포(165),6,22.6,3.0,5.9,212.3,624.44,34.8169,126.3812
목포(165),7,27.7,2.9,4.4,268.6,673.26,34.8169,126.3812
목포(165),8,28.7,3.2,6.0,245.1,573.11,34.8169,126.3812
목포(165),9,22.3,2.8,6.4,175.6,454.79,34.8169,126.3812
목포(165),10,15.5,3.7,4.4,237.3,437.14,34.8169,126.3812
목포(165),11,10.6,2.7,4.4,198.7,319.95,34.8169,126.3812
목포(165),12,3.7,4.1,6.5,142.8,233.59,34.8169,126.3812
여수(168),1,1.4,4.6,3.6,207.1,228.47,34.7393,127.7406
여수(168),2,3.1,3.9,3.4,205.7,267.2,34.7393,127.7406
여수(168),3,9.4,4.5,3.9,213.6,367.69,34.7393,127.7406
여수(168),4,14.2,4.1,4.8,224.7,453.7,34.7393,127.7406
여수(168),5,18.2,3.6,5.8,203.0,512.09,34.7393,127.7406
여수(168),6,21.9,3.1,5.4,222.3,534.21,34.7393,127.7406
여수(168),7,26.9,3.4,3.9,271.0,620.46,34.7393,127.7406
여수(168),8,28.1,4.0,5.2,241.8,539.31,34.7393,127.7406
여수(168),9,22.1,4.3,6.4,148.9,365.72,34.7393,127.7406
여수(168),10,16.4,3.9,3.3,251.9,408.18,34.7393,127.7406
여수(168),11,12.2,2.8,3.5,200.6,268.6,34.7393,127.7406
여수(168),12,5.2,4.4,4.4,179.7,224.65,34.7393,127.7406
흑산도(169),1,2.0,6.3,7.1,105.7,225.85,34.6872,125.45100000000001
흑산도(169),2,2.2,6.2,5.6,150.8,325.94,34.6872,125.45100000000001
흑산도(169),3,6.6,5.3,5.9,170.9,446.76,34.6872,125.45100000000001
흑산도(169),4,10.8,5.6,5.7,192.1,528.68,34.6872,125.45100000000001
흑산도(169),5,14.8,4.3,7.0,143.1,503.81,34.6872,125.45100000000001
흑산도(169),6,19.8,3.5,6.5,148.6,508.25,34.6872,125.45100000000001
흑산도(169),7,25.3,4.5,5.8,148.9,471.37,34.6872,125.45100000000001
흑산도(169),8,27.3,4.9,5.8,160.8,417.94,34.6872,125.45100000000001
흑산도(169),9,22.5,4.2,6.1,150.2,379.74,34.6872,125.45100000000001
흑산도(169),10,16.3,5.3,4.4,207.3,427.57,34.6872,125.45100000000001
흑산도(169),11,12.4,4.6,4.8,171.7,303.49,34.6872,125.45100000000001
흑산도(169),12,5.9,6.8,7.5,80.0,181.62,34.6872,125.45100000000001
완도(170),1,1.5,2.5,,173.4,,34.3959,126.7018
완도(170),2,3.2,2.6,,169.7,,34.3959,126.7018
완도(170),3,9.4,2.4,,187.5,,34.3959,126.7018
완도(170),4,14.3,2.9,,162.2,,34.3959,126.7018
완도(170),5,18.3,2.7,,164.6,,34.3959,126.7018
완도(170),6,22.0,2.3,,214.2,,34.3959,126.7018
완도(170),7,26.8,2.6,,238.0,,34.3959,126.7018
완도(170),8,27.9,3.5,5.8,204.9,,34.3959,126.7018
완도(170),9,22.1,2.0,6.6,140.6,,34.3959,126.7018
완도(170),10,15.9,2.1,4.5,224.1,,34.3959,126.7018
완도(170),11,11.4,1.4,4.1,185.2,,34.3959,126.7018
완도(170),12,5.1,2.1,6.0,145.7,,34.3959,126.7018
고창(172),1,-1.6,2.8,,159.4,205.03,35.3489,126.59899999999999
고창(172),2,-0.1,2.9,,163.9,256.91,35.3489,126.59899999999999
고창(172),3,8.3,2.8,,199.4,353.52,35.3489,126.59899999999999
고창(172),4,13.2,3.3,,214.3,415.94,35.3489,126.59899999999999
고창(172),5,17.9,2.8,,193.6,428.52,35.3489,126.59899999999999
고창(172),6,22.1,2.4,,208.7,452.34,35.3489,126.59899999999999
고창(172),7,27.0,2.3,,268.1,501.83,35.3489,126.59899999999999
고창(172),8,27.8,2.8,5.7,231.8,437.19,35.3489,126.59899999999999
고창(172),9,20.9,2.1,6.1,176.6,339.42,35.3489,126.59899999999999
고창(172),10,13.3,2.6,4.5,229.8,323.63,35.3489,126.59899999999999
고창(172),11,8.4,2.1,4.4,197.3,233.1,35.3489,126.59899999999999
고창(172),12,1.9,3.1,6.6,151.4,190.55,35.3489,126.59899999999999
순천(174),1,-1.7,2.5,,186.2,,35.0204,127.3694
순천(174),2,0.2,2.5,,179.3,,35.0204,127.3694
순천(174),3,8.0,1.9,,205.4,,35.0204,127.3694
순천(174),4,12.9,2.0,,206.3,,35.0204,127.3694
순천(174),5,17.2,1.6,,168.9,,35.0204,127.3694
순천(174),6,21.2,1.5,,187.8,,35.0204,127.3694
순천(174),7,26.0,1.4,,211.6,,35.0204,127.3694
순천(174),8,26.4,1.7,6.1,197.9,,35.0204,127.3694
순천(174),9,19.6,1.2,6.5,145.1,,35.0204,127.3694
순천(174),10,12.6,1.7,4.6,229.0,,35.0204,127.3694
순천(174),11,7.6,1.2,4.3,194.9,,35.0204,127.3694
순천(174),12,2.1,2.3,4.9,178.1,,35.0204,127.3694
진도(첨찰산)(175),1,-1.5,4.7,,153.0,,34.4721,126.3238
진도(첨찰산)(175),2,-0.3,4.7,,163.3,,34.4721,126.3238
진도(첨찰산)(175),3,7.6,4.5,,205.3,,34.4721,126.3238
진도(첨찰산)(175),4,12.4,4.9,,204.0,,34.4721,126.3238
진도(첨찰산)(175),5,16.2,4.5,,166.5,,34.4721,126.3238
진도(첨찰산)(175),6,20.1,3.8,,196.5,,34.4721,126.3238
진도(첨찰산)(175),7,24.6,4.0,,209.8,,34.4721,126.3238
진도(첨찰산)(175),8,25.2,4.8,,192.8,,34.4721,126.3238
진도(첨찰산)(175),9,19.3,3.9,,143.6,,34.4721,126.3238
진도(첨찰산)(175),10,12.9,3.8,,228.7,,34.4721,126.3238
진도(첨찰산)(175),11,9.0,3.6,,208.2,,34.4721,126.3238
진도(첨찰산)(175),12,1.4,4.2,,135.1,,34.4721,126.3238
,1,,,,,,,
,2,,,,,,,
,3,,,,,,,
,4,,,,,,,
,5,,,,,,,
,6,,,,,,,
,7,,,,,,,
,8,,,,,,,
,9,,,,,,,
,10,,,,,,,
,11,,,,,,,
,12,,,,,,,
홍성(177),1,-3.2,1.3,5.2,170.8,281.51,36.6576,126.6877
홍성(177),2,-1.3,1.8,4.3,202.1,357.09,36.6576,126.6877
홍성(177),3,7.5,2.0,5.2,202.5,458.23,36.6576,126.6877
홍성(177),4,12.2,2.1,4.8,229.6,541.35,36.6576,126.6877
홍성(177),5,17.6,1.9,5.8,222.7,588.34,36.6576,126.6877
홍성(177),6,21.9,1.5,6.2,221.6,609.02,36.6576,126.6877
홍성(177),7,26.6,1.4,4.7,269.9,653.91,36.6576,126.6877
홍성(177),8,27.6,1.5,5.8,227.6,544.58,36.6576,126.6877
홍성(177),9,20.3,1.4,5.2,213.7,471.25,36.6576,126.6877
홍성(177),10,12.3,1.2,4.1,237.4,414.05,36.6576,126.6877
홍성(177),11,6.9,0.9,4.4,172.5,265.01,36.6576,126.6877
홍성(177),12,0.0,1.3,5.2,185.8,251.13,36.6576,126.6877
고산(185),1,4.9,9.2,,111.6,150.58,33.2938,126.1628
고산(185),2,5.5,8.6,,137.9,248.8,33.2938,126.1628
고산(185),3,11.0,6.0,,193.3,426.93,33.2938,126.1628
고산(185),4,15.1,6.5,,203.7,515.4,33.2938,126.1628
고산(185),5,17.9,,,144.8,451.38,33.2938,126.1628
고산(185),6,21.3,4.1,,208.8,525.16,33.2938,126.1628
고산(185),7,26.5,4.9,,272.9,622.74,33.2938,126.1628
고산(185),8,27.7,6.0,5.1,297.6,601.57,33.2938,126.1628
고산(185),9,23.4,5.1,6.5,166.3,394.68,33.2938,126.1628
고산(185),10,17.6,6.7,4.7,220.6,390.77,33.2938,126.1628
고산(185),11,14.0,5.4,4.7,190.4,292.36,33.2938,126.1628
고산(185),12,8.7,7.9,7.7,89.7,158.62,33.2938,126.1628
,1,,,,,,,
,2,,,,,,,
,3,,,,,,,
,4,,,,,,,
,5,,,,,,,
,6,,,,,,,
,7,,,,,,,
,8,,,,,,,
,9,,,,,,,
,10,,,,,,,
,11,,,,,,,
,12,,,,,,,
성산(188),1,4.0,3.0,,133.9,,33.3868,126.8804
성산(188),2,4.7,3.2,,140.6,,33.3868,126.8804
성산(188),3,10.6,3.4,,189.8,,33.3868,126.8804
성산(188),4,15.0,3.5,,211.5,,33.3868,126.8804
성산(188),5,17.9,3.4,,137.2,,33.3868,126.8804
성산(188),6,21.3,2.7,,156.0,,33.3868,126.8804
성산(188),7,26.2,2.9,,245.5,,33.3868,126.8804
성산(188),8,27.6,3.8,5.4,254.7,,33.3868,126.8804
성산(188),9,23.1,3.2,6.9,144.4,,33.3868,126.8804
성산(188),10,16.6,3.1,4.8,219.7,,33.3868,126.8804
성산(188),11,13.0,2.5,4.9,184.5,,33.3868,126.8804
성산(188),12,7.9,2.9,7.5,121.6,,33.3868,126.8804
서귀포(189),1,5.9,1.6,,163.4,,33.2461,126.5653
서귀포(189),2,6.3,1.8,,148.1,,33.2461,126.5653
서귀포(189),3,11.8,2.1,,192.7,,33.2461,126.5653
서귀포(189),4,15.8,1.6,,189.3,,33.2461,126.5653
서귀포(189),5,18.7,2.0,,146.2,,33.2461,126.5653
서귀포(189),6,22.0,1.7,,74.4,,33.2461,126.5653
서귀포(189),7,26.7,1.8,5.2,225.9,,33.2461,126.5653
서귀포(189),8,27.8,2.2,5.4,228.4,,33.2461,126.5653
서귀포(189),9,23.5,2.0,6.6,150.5,,33.2461,126.5653
서귀포(189),10,17.8,1.8,4.3,224.3,,33.2461,126.5653
서귀포(189),11,14.5,1.6,4.4,165.3,,33.2461,126.5653
서귀포(189),12,9.8,1.5,6.7,114.4,,33.2461,126.5653
진주(192),1,-0.5,1.2,,203.9,193.01,35.1638,128.04
진주(192),2,1.2,1.3,,207.3,227.1,35.1638,128.04
진주(192),3,8.2,1.3,,210.5,284.68,35.1638,128.04
진주(192),4,13.6,1.5,,226.5,513.19,35.1638,128.04
진주(192),5,18.0,1.4,,198.4,555.12,35.1638,128.04
진주(192),6,21.9,1.2,,200.9,558.28,35.1638,128.04
진주(192),7,26.6,1.1,,242.3,616.53,35.1638,128.04
진주(192),8,27.0,1.3,5.9,215.2,530.28,35.1638,128.04
진주(192),9,20.6,0.8,6.7,135.6,376.48,35.1638,128.04
진주(192),10,13.2,0.8,3.9,223.8,414.24,35.1638,128.04
진주(192),11,7.8,0.6,4.0,181.3,293.14,35.1638,128.04
진주(192),12,2.6,1.1,4.6,181.4,281.93,35.1638,128.04
강화(201),1,-5.0,1.6,,187.5,,37.7074,126.4463
강화(201),2,-2.6,2.2,,200.4,,37.7074,126.4463
강화(201),3,6.1,2.6,,184.4,,37.7074,126.4463
강화(201),4,11.0,2.9,,198.4,,37.7074,126.4463
강화(201),5,16.2,2.2,,195.0,,37.7074,126.4463
강화(201),6,20.5,1.9,,193.8,,37.7074,126.4463
강화(201),7,25.5,1.9,,216.5,,37.7074,126.4463
강화(201),8,26.7,2.2,5.3,227.3,,37.7074,126.4463
강화(201),9,20.0,1.9,4.7,211.9,,37.7074,126.4463
강화(201),10,12.1,1.7,3.6,236.6,,37.7074,126.4463
강화(201),11,6.7,1.3,4.3,176.7,,37.7074,126.4463
강화(201),12,-1.5,1.6,3.9,203.7,,37.7074,126.4463
양평(202),1,-4.7,1.7,,189.8,,37.4886,127.4945
양평(202),2,-2.5,1.7,,191.5,,37.4886,127.4945
양평(202),3,7.8,1.7,,195.6,,37.4886,127.4945
양평(202),4,12.9,2.0,,198.8,,37.4886,127.4945
양평(202),5,17.7,1.7,,198.9,,37.4886,127.4945
양평(202),6,23.0,1.6,,218.7,,37.4886,127.4945
양평(202),7,27.2,1.3,,226.7,,37.4886,127.4945
양평(202),8,27.8,1.5,5.8,193.8,,37.4886,127.4945
양평(202),9,20.1,1.4,5.3,182.5,,37.4886,127.4945
양평(202),10,11.3,1.3,4.5,184.5,,37.4886,127.4945
양평(202),11,6.2,1.0,4.5,151.0,,37.4886,127.4945
양평(202),12,-1.7,1.5,4.0,188.0,,37.4886,127.4945
이천(203),1,-4.5,1.6,,195.9,,37.264,127.4842
이천(203),2,-2.5,1.7,,198.0,,37.264,127.4842
이천(203),3,7.2,1.9,,205.9,,37.264,127.4842
이천(203),4,12.2,2.0,,215.8,,37.264,127.4842
이천(203),5,17.2,1.6,,214.2,,37.264,127.4842
이천(203),6,22.4,1.5,,244.8,,37.264,127.4842
이천(203),7,26.8,1.2,,256.9,,37.264,127.4842
이천(203),8,27.1,1.4,5.9,224.9,,37.264,127.4842
이천(203),9,19.6,1.1,5.2,190.9,,37.264,127.4842
이천(203),10,11.0,1.1,4.6,197.6,,37.264,127.4842
이천(203),11,5.9,0.9,4.2,162.5,,37.264,127.4842
이천(203),12,-1.9,1.2,4.0,195.5,,37.264,127.4842
인제(211),1,-6.0,1.7,,168.4,,38.0599,128.1671
인제(211),2,-4.0,1.9,,188.1,,38.0599,128.1671
인제(211),3,6.2,2.4,,181.1,,38.0599,128.1671
인제(211),4,10.9,2.3,,196.9,,38.0599,128.1671
인제(211),5,15.6,2.1,,214.8,,38.0599,128.1671
인제(211),6,20.9,1.7,,223.1,,38.0599,128.1671
인제(211),7,24.0,1.8,,215.7,,38.0599,128.1671
인제(211),8,24.9,1.9,6.5,204.4,,38.0599,128.1671
인제(211),9,17.6,1.7,5.6,183.2,,38.0599,128.1671
인제(211),10,9.5,1.4,4.9,181.5,,38.0599,128.1671
인제(211),11,5.1,1.4,4.6,142.2,,38.0599,128.1671
인제(211),12,-3.4,1.3,3.6,173.6,,38.0599,128.1671
홍천(212),1,-6.1,1.0,,193.4,,37.6836,127.8804
홍천(212),2,-3.6,1.2,,199.2,,37.6836,127.8804
홍천(212),3,6.8,1.4,,208.1,,37.6836,127.8804
홍천(212),4,12.0,1.5,,216.7,,37.6836,127.8804
홍천(212),5,17.1,1.4,,242.7,,37.6836,127.8804
홍천(212),6,22.6,1.5,,255.7,,37.6836,127.8804
홍천(212),7,26.6,1.4,,252.5,,37.6836,127.8804
홍천(212),8,27.2,1.4,6.2,234.4,,37.6836,127.8804
홍천(212),9,19.2,1.1,5.2,200.3,,37.6836,127.8804
홍천(212),10,10.2,1.0,4.9,192.7,,37.6836,127.8804
홍천(212),11,5.2,0.8,4.8,141.0,,37.6836,127.8804
홍천(212),12,-3.0,0.9,3.9,176.7,,37.6836,127.8804
,1,,,,,,,
,2,,,,,,,
,3,,,,,,,
,4,,,,,,,
,5,,,,,,,
,6,,,,,,,
,7,,,,,,,
,8,,,,,,,
,9,,,,,,,
,10,,,,,,,
,11,,,,,,,
,12,,,,,,,
태백(216),1,-6.1,1.6,,167.4,,37.1703,128.9893
태백(216),2,-4.4,1.7,,183.9,,37.1703,128.9893
태백(216),3,4.3,1.9,,182.7,,37.1703,128.9893
태백(216),4,10.1,1.9,,212.3,,37.1703,128.9893
태백(216),5,14.6,1.9,,198.0,,37.1703,128.9893
태백(216),6,19.2,1.5,,179.8,,37.1703,128.9893
태백(216),7,23.5,1.5,,189.8,,37.1703,128.9893
태백(216),8,23.2,1.5,6.9,142.8,,37.1703,128.9893
태백(216),9,15.9,1.3,6.9,118.0,,37.1703,128.9893
태백(216),10,9.0,1.5,4.4,181.0,,37.1703,128.9893
태백(216),11,4.7,1.1,4.1,141.4,,37.1703,128.9893
태백(216),12,-2.6,1.3,4.0,167.5,,37.1703,128.9893
정선군(217),1,-5.2,2.2,,159.7,,37.3813,128.6461
정선군(217),2,-3.3,2.4,,169.6,,37.3813,128.6461
정선군(217),3,5.9,2.2,,178.8,,37.3813,128.6461
정선군(217),4,11.4,2.1,,207.9,,37.3813,128.6461
정선군(217),5,16.1,1.8,,179.2,,37.3813,128.6461
정선군(217),6,20.9,1.6,,192.3,,37.3813,128.6461
정선군(217),7,24.9,1.3,,178.2,,37.3813,128.6461
정선군(217),8,25.3,1.4,6.8,132.6,,37.3813,128.6461
정선군(217),9,17.9,1.3,6.6,102.9,,37.3813,128.6461
정선군(217),10,10.1,1.7,5.3,118.2,,37.3813,128.6461
정선군(217),11,5.1,1.2,4.5,120.9,,37.3813,128.6461
정선군(217),12,-2.3,1.7,3.8,149.3,,37.3813,128.6461
제천(221),1,-6.0,1.6,,190.4,,37.1593,128.1943
제천(221),2,-4.0,1.9,,197.7,,37.1593,128.1943
제천(221),3,5.7,2.0,,205.0,,37.1593,128.1943
제천(221),4,11.4,2.3,,218.1,,37.1593,128.1943
제천(221),5,16.4,1.8,,204.6,,37.1593,128.1943
제천(221),6,21.4,1.7,,216.7,,37.1593,128.1943
제천(221),7,25.8,1.6,,240.9,,37.1593,128.1943
제천(221),8,25.9,1.5,6.4,174.3,,37.1593,128.1943
제천(221),9,18.0,1.4,5.9,152.8,,37.1593,128.1943
제천(221),10,9.7,1.4,4.9,188.7,,37.1593,128.1943
제천(221),11,4.4,1.0,4.1,160.3,,37.1593,128.1943
제천(221),12,-3.1,1.4,4.0,188.0,,37.1593,128.1943
보은(226),1,-4.3,1.6,,156.6,,36.4876,127.7341
보은(226),2,-2.4,1.6,,188.3,,36.4876,127.7341
보은(226),3,7.1,1.4,,187.0,,36.4876,127.7341
보은(226),4,12.5,1.7,,216.4,,36.4876,127.7341
보은(226),5,17.6,1.4,,200.1,,36.4876,127.7341
보은(226),6,21.9,1.3,,206.1,,36.4876,127.7341
보은(226),7,26.3,1.1,,232.2,,36.4876,127.7341
보은(226),8,26.9,1.3,6.2,196.2,,36.4876,127.7341
보은(226),9,19.2,1.0,5.9,171.9,,36.4876,127.7341
보은(226),10,10.7,0.9,4.8,187.2,,36.4876,127.7341
보은(226),11,5.7,0.7,4.3,152.2,,36.4876,127.7341
보은(226),12,-1.5,1.2,4.4,163.3,,36.4876,127.7341
천안(232),1,-4.2,1.4,,166.2,,36.7624,127.2927
천안(232),2,-2.0,1.6,,187.2,,36.7624,127.2927
천안(232),3,7.4,1.9,,192.5,,36.7624,127.2927
천안(232),4,12.4,2.1,,209.2,,36.7624,127.2927
천안(232),5,17.5,1.8,,207.3,,36.7624,127.2927
천안(232),6,21.9,1.6,,219.3,,36.7624,127.2927
천안(232),7,26.3,1.5,,252.7,,36.7624,127.2927
천안(232),8,27.2,1.7,5.9,215.8,,36.7624,127.2927
천안(232),9,19.3,1.6,5.4,194.7,,36.7624,127.2927
천안(232),10,11.1,1.3,4.2,203.5,,36.7624,127.2927
천안(232),11,6.2,0.9,3.9,164.1,,36.7624,127.2927
천안(232),12,-1.2,1.2,4.3,183.9,,36.7624,127.2927
보령(235),1,-1.9,1.5,,169.0,,36.3272,126.5574
보령(235),2,-0.5,1.8,,189.0,,36.3272,126.5574
보령(235),3,7.3,1.9,,185.8,,36.3272,126.5574
보령(235),4,12.1,1.9,,207.1,,36.3272,126.5574
보령(235),5,17.2,1.7,,190.9,,36.3272,126.5574
보령(235),6,21.4,1.2,,194.5,,36.3272,126.5574
보령(235),7,26.7,1.4,,223.6,,36.3272,126.5574
보령(235),8,27.6,1.4,5.5,178.8,,36.3272,126.5574
보령(235),9,21.2,1.3,5.3,177.7,,36.3272,126.5574
보령(235),10,13.7,1.3,4.2,220.4,,36.3272,126.5574
보령(235),11,8.8,1.2,4.2,175.5,,36.3272,126.5574
보령(235),12,1.8,1.8,5.8,177.6,,36.3272,126.5574
부여(236),1,-2.9,1.2,,170.4,,36.2724,126.9208
부여(236),2,-0.9,1.5,,184.9,,36.2724,126.9208
부여(236),3,7.8,1.4,,183.1,,36.2724,126.9208
부여(236),4,12.6,1.7,,216.6,,36.2724,126.9208
부여(236),5,18.2,1.6,,201.8,,36.2724,126.9208
부여(236),6,22.5,1.3,,206.8,,36.2724,126.9208
부여(236),7,27.4,1.3,,249.3,,36.2724,126.9208
부여(236),8,27.9,1.5,5.8,205.5,,36.2724,126.9208
부여(236),9,20.4,1.4,5.1,183.1,,36.2724,126.9208
부여(236),10,12.0,1.1,4.1,202.8,,36.2724,126.9208
부여(236),11,6.9,0.8,4.2,162.9,,36.2724,126.9208
부여(236),12,0.1,1.3,5.0,176.8,,36.2724,126.9208
금산(238),1,-3.9,1.2,,174.7,,36.1027,127.4817
금산(238),2,-1.8,1.4,,184.4,,36.1027,127.4817
금산(238),3,7.2,1.4,,194.4,,36.1027,127.4817
금산(238),4,12.5,1.6,,217.1,,36.1027,127.4817
금산(238),5,17.9,1.6,,209.8,,36.1027,127.4817
금산(238),6,22.2,1.4,,211.6,,36.1027,127.4817
금산(238),7,26.8,1.3,,227.0,,36.1027,127.4817
금산(238),8,27.2,1.5,6.0,193.2,,36.1027,127.4817
금산(238),9,19.5,1.1,5.7,155.3,,36.1027,127.4817
금산(238),10,11.0,1.1,4.9,172.3,,36.1027,127.4817
금산(238),11,5.8,0.8,4.5,151.2,,36.1027,127.4817
금산(238),12,-0.9,1.0,4.6,174.5,,36.1027,127.4817
부안(243),1,-1.7,1.5,,148.1,,35.7295,126.7166
부안(243),2,-0.2,1.9,,165.5,,35.7295,126.7166
부안(243),3,7.8,2.0,,194.4,,35.7295,126.7166
부안(243),4,12.9,2.2,,217.1,,35.7295,126.7166
부안(243),5,17.9,2.2,,184.6,,35.7295,126.7166
부안(243),6,22.4,1.8,,204.4,,35.7295,126.7166
부안(243),7,27.4,1.7,,261.1,,35.7295,126.7166
부안(243),8,28.2,1.8,5.8,233.9,,35.7295,126.7166
부안(243),9,21.3,1.4,5.7,179.3,,35.7295,126.7166
부안(243),10,13.6,1.4,4.5,215.7,,35.7295,126.7166
부안(243),11,8.7,1.1,4.7,186.3,,35.7295,126.7166
부안(243),12,1.8,1.4,6.4,157.8,,35.7295,126.7166
임실(244),1,-3.7,1.1,,153.6,,35.611999999999995,127.2856
임실(244),2,-1.8,1.3,,166.5,,35.611999999999995,127.2856
임실(244),3,7.3,1.3,,194.8,,35.611999999999995,127.2856
임실(244),4,12.4,1.4,,202.4,,35.611999999999995,127.2856
임실(244),5,17.3,1.4,,193.7,,35.611999999999995,127.2856
임실(244),6,21.8,1.1,,199.9,,35.611999999999995,127.2856
임실(244),7,26.6,1.0,,222.5,,35.611999999999995,127.2856
임실(244),8,26.7,1.1,5.9,214.3,,35.611999999999995,127.2856
임실(244),9,19.5,1.1,6.0,149.5,,35.611999999999995,127.2856
임실(244),10,11.2,1.1,4.7,198.9,,35.611999999999995,127.2856
임실(244),11,6.4,0.9,4.3,159.1,,35.611999999999995,127.2856
임실(244),12,-0.1,1.2,5.0,150.4,,35.611999999999995,127.2856
정읍(245),1,-2.1,1.4,,163.9,,35.5631,126.8392
정읍(245),2,-0.5,1.8,,177.5,,35.5631,126.8392
정읍(245),3,8.2,1.6,,203.5,,35.5631,126.8392
정읍(245),4,13.4,1.9,,219.2,,35.5631,126.8392
정읍(245),5,18.1,1.9,,201.0,,35.5631,126.8392
정읍(245),6,22.3,1.5,,206.2,,35.5631,126.8392
정읍(245),7,27.0,1.3,,257.1,,35.5631,126.8392
정읍(245),8,27.9,1.8,5.9,224.6,,35.5631,126.8392
정읍(245),9,20.7,1.4,5.7,175.4,,35.5631,126.8392
정읍(245),10,12.9,1.4,4.5,217.7,,35.5631,126.8392
정읍(245),11,8.3,1.1,4.2,191.7,,35.5631,126.8392
정읍(245),12,1.5,1.8,5.9,153.7,,35.5631,126.8392
남원(247),1,-2.5,1.2,,174.5,,35.4213,127.3965
남원(247),2,-0.5,1.5,,180.3,,35.4213,127.3965
남원(247),3,8.4,2.0,,208.5,,35.4213,127.3965
남원(247),4,13.4,2.0,,214.7,,35.4213,127.3965
남원(247),5,18.5,2.1,,206.7,,35.4213,127.3965
남원(247),6,22.7,1.7,,215.0,,35.4213,127.3965
남원(247),7,27.4,1.8,,244.8,,35.4213,127.3965
남원(247),8,27.3,1.9,6.0,234.0,,35.4213,127.3965
남원(247),9,20.7,2.0,6.4,159.9,,35.4213,127.3965
남원(247),10,12.5,1.5,4.6,223.1,,35.4213,127.3965
남원(247),11,7.4,1.1,4.5,184.0,,35.4213,127.3965
남원(247),12,1.0,1.2,5.2,172.6,,35.4213,127.3965
장수(248),1,-3.9,1.9,,162.8,,35.657,127.5203
장수(248),2,-2.4,2.0,,173.8,,35.657,127.5203
장수(248),3,6.4,1.8,,198.2,,35.657,127.5203
장수(248),4,11.7,2.1,,213.1,,35.657,127.5203
장수(248),5,16.9,2.1,,201.3,,35.657,127.5203
장수(248),6,20.7,1.5,,199.0,,35.657,127.5203
장수(248),7,25.4,1.4,,205.0,,35.657,127.5203
장수(248),8,25.4,1.7,6.0,191.6,,35.657,127.5203
장수(248),9,18.1,1.3,6.3,131.7,,35.657,127.5203
장수(248),10,10.2,1.6,5.0,189.7,,35.657,127.5203
장수(248),11,5.3,1.0,4.4,167.8,,35.657,127.5203
장수(248),12,-0.8,1.7,4.9,160.7,,35.657,127.5203
고창군(251),1,-1.9,1.7,,125.2,133.33,35.4266,126.697
고창군(251),2,-0.4,1.7,,123.1,151.91,35.4266,126.697
고창군(251),3,8.1,1.8,,161.1,230.71,35.4266,126.697
고창군(251),4,13.0,2.0,,169.3,271.16,35.4266,126.697
고창군(251),5,17.6,2.2,,183.6,336.47,35.4266,126.697
고창군(251),6,21.7,2.6,,201.5,360.35,35.4266,126.697
고창군(251),7,26.6,2.6,,250.3,393.1,35.4266,126.697
고창군(251),8,27.3,2.8,5.9,221.4,341.94,35.4266,126.697
고창군(251),9,20.4,2.4,5.9,174.4,274.33,35.4266,126.697
고창군(251),10,12.7,1.6,4.3,221.1,249.84,35.4266,126.697
고창군(251),11,7.6,1.3,4.1,192.0,182.72,35.4266,126.697
고창군(251),12,1.3,1.8,6.1,153.8,149.16,35.4266,126.697
영광군(252),1,-2.2,2.2,,164.4,268.64,35.2837,126.4778
영광군(252),2,-0.5,2.6,,162.2,312.77,35.2837,126.4778
영광군(252),3,7.7,2.1,,214.4,482.26,35.2837,126.4778
영광군(252),4,12.7,2.6,,229.6,582.69,35.2837,126.4778
영광군(252),5,17.7,2.3,,197.3,568.03,35.2837,126.4778
영광군(252),6,22.1,2.0,,222.4,621.39,35.2837,126.4778
영광군(252),7,27.2,1.9,,287.3,694.71,35.2837,126.4778
영광군(252),8,28.2,2.2,5.7,260.6,593.0,35.2837,126.4778
영광군(252),9,21.2,1.7,6.2,198.0,469.91,35.2837,126.4778
영광군(252),10,13.5,2.1,4.6,245.0,450.55,35.2837,126.4778
영광군(252),11,8.2,1.5,4.5,210.2,319.99,35.2837,126.4778
영광군(252),12,1.5,2.2,7.1,157.3,227.47,35.2837,126.4778
김해시(253),1,0.2,2.6,,218.1,236.4,35.2267,128.893
김해시(253),2,3.9,2.7,,216.8,274.57,35.2267,128.893
김해시(253),3,9.6,2.2,,215.2,349.76,35.2267,128.893
김해시(253),4,14.8,2.4,,246.2,477.61,35.2267,128.893
김해시(253),5,18.6,2.1,,207.6,469.78,35.2267,128.893
김해시(253),6,22.3,1.8,,207.9,473.64,35.2267,128.893
김해시(253),7,27.6,1.7,,264.0,541.8,35.2267,128.893
김해시(253),8,28.2,2.1,5.9,275.2,462.0,35.2267,128.893
김해시(253),9,21.7,1.6,7.1,128.3,295.84,35.2267,128.893
김해시(253),10,15.7,2.1,4.0,210.1,330.27,35.2267,128.893
김해시(253),11,11.0,1.8,3.9,195.9,263.82,35.2267,128.893
김해시(253),12,4.1,2.5,4.6,182.6,229.79,35.2267,128.893
순창군(254),1,-2.4,1.5,,183.3,200.47,35.3714,127.1286
순창군(254),2,-0.7,1.7,,193.9,226.86,35.3714,127.1286
순창군(254),3,8.3,1.6,,214.3,320.25,35.3714,127.1286
순창군(254),4,13.2,1.7,,225.1,358.97,35.3714,127.1286
순창군(254),5,18.1,1.6,,226.1,390.48,35.3714,127.1286
순창군(254),6,22.5,1.4,,248.1,415.62,35.3714,127.1286
순창군(254),7,27.3,1.2,,275.7,432.87,35.3714,127.1286
순창군(254),8,27.4,1.5,5.9,242.7,384.86,35.3714,127.1286
순창군(254),9,20.2,1.1,6.2,168.1,296.28,35.3714,127.1286
순창군(254),10,12.1,1.3,4.9,211.0,281.45,35.3714,127.1286
순창군(254),11,7.1,0.9,4.5,165.1,206.09,35.3714,127.1286
순창군(254),12,1.0,1.6,5.1,170.0,192.39,35.3714,127.1286
북창원(255),1,0.3,1.7,,200.3,216.63,35.2264,128.6725
북창원(255),2,2.8,1.7,,204.5,255.52,35.2264,128.6725
북창원(255),3,9.4,1.7,,207.8,323.27,35.2264,128.6725
북창원(255),4,14.5,1.6,,224.5,370.17,35.2264,128.6725
북창원(255),5,18.9,1.5,,193.6,379.22,35.2264,128.6725
북창원(255),6,22.5,1.2,,200.1,374.06,35.2264,128.6725
북창원(255),7,27.6,1.3,,243.6,378.11,35.2264,128.6725
북창원(255),8,27.7,1.5,5.8,203.9,322.23,35.2264,128.6725
북창원(255),9,21.3,1.3,7.0,115.5,211.8,35.2264,128.6725
북창원(255),10,14.9,1.3,4.0,216.8,261.43,35.2264,128.6725
북창원(255),11,9.9,1.0,4.1,177.7,190.8,35.2264,128.6725
북창원(255),12,3.5,1.6,4.7,172.0,167.0,35.2264,128.6725
,1,,,,,,,
,2,,,,,,,
,3,,,,,,,
,4,,,,,,,
,5,,,,,,,
,6,,,,,,,
,7,,,,,,,
,8,,,,,,,
,9,,,,,,,
,10,,,,,,,
,11,,,,,,,
,12,,,,,,,
양산시(257),1,0.8,2.0,,208.3,176.1,35.3072,129.02
양산시(257),2,2.9,2.2,,205.6,201.55,35.3072,129.02
양산시(257),3,9.4,3.0,,199.4,251.44,35.3072,129.02
양산시(257),4,14.7,3.0,,217.3,288.76,35.3072,129.02
양산시(257),5,18.8,2.7,,183.3,291.43,35.3072,129.02
양산시(257),6,22.6,2.3,,175.0,285.57,35.3072,129.02
양산시(257),7,27.9,2.5,,224.4,260.05,35.3072,129.02
양산시(257),8,28.3,2.5,6.0,183.5,220.88,35.3072,129.02
양산시(257),9,22.1,2.4,7.3,110.5,206.95,35.3072,129.02
양산시(257),10,15.5,1.8,4.1,215.1,259.48,35.3072,129.02
양산시(257),11,10.2,1.4,3.7,188.8,194.34,35.3072,129.02
양산시(257),12,4.4,1.8,4.5,171.7,168.36,35.3072,129.02
보성군(258),1,0.2,2.0,,195.7,204.67,34.7633,127.2123
보성군(258),2,1.8,2.1,,182.3,215.13,34.7633,127.2123
보성군(258),3,8.7,1.8,,209.1,289.97,34.7633,127.2123
보성군(258),4,13.6,1.8,,217.5,335.3,34.7633,127.2123
보성군(258),5,18.2,1.5,,198.9,348.86,34.7633,127.2123
보성군(258),6,22.7,1.5,,223.0,367.3,34.7633,127.2123
보성군(258),7,27.2,1.5,,268.1,411.65,34.7633,127.2123
보성군(258),8,27.7,1.7,6.1,230.4,352.16,34.7633,127.2123
보성군(258),9,21.1,,6.5,154.1,242.57,34.7633,127.2123
보성군(258),10,14.4,2.9,4.3,248.6,280.42,34.7633,127.2123
보성군(258),11,9.5,2.3,4.1,199.6,197.58,34.7633,127.2123
보성군(258),12,3.5,3.3,4.9,174.7,166.41,34.7633,127.2123
강진군(259),1,0.0,2.6,,174.7,316.94,34.6261,126.7689
강진군(259),2,1.6,2.7,,171.8,309.94,34.6261,126.7689
강진군(259),3,8.6,2.4,,199.7,354.66,34.6261,126.7689
강진군(259),4,13.7,2.8,,213.0,355.33,34.6261,126.7689
강진군(259),5,18.3,2.5,,189.6,330.28,34.6261,126.7689
강진군(259),6,22.6,2.3,,223.0,303.49,34.6261,126.7689
강진군(259),7,27.3,2.3,,253.6,300.93,34.6261,126.7689
강진군(259),8,27.8,2.9,6.2,219.6,236.73,34.6261,126.7689
강진군(259),9,21.2,2.1,6.4,155.9,265.87,34.6261,126.7689
강진군(259),10,14.5,2.1,4.1,221.0,360.28,34.6261,126.7689
강진군(259),11,9.4,1.5,4.0,182.9,328.15,34.6261,126.7689
강진군(259),12,3.5,2.3,5.4,143.5,395.91,34.6261,126.7689
장흥(260),1,-0.3,2.0,,181.5,,34.6888,126.9195
장흥(260),2,1.3,2.0,,166.0,,34.6888,126.9195
장흥(260),3,8.6,1.7,,189.4,,34.6888,126.9195
장흥(260),4,13.5,2.0,,194.6,,34.6888,126.9195
장흥(260),5,18.1,1.8,,162.6,,34.6888,126.9195
장흥(260),6,22.2,1.7,,176.1,,34.6888,126.9195
장흥(260),7,26.9,1.7,,158.2,,34.6888,126.9195
장흥(260),8,27.6,2.2,6.2,205.7,,34.6888,126.9195
장흥(260),9,21.1,1.4,6.3,145.9,,34.6888,126.9195
장흥(260),10,13.9,1.6,4.3,227.3,,34.6888,126.9195
장흥(260),11,9.0,1.1,4.0,187.2,,34.6888,126.9195
장흥(260),12,3.5,2.1,5.0,157.8,,34.6888,126.9195
해남(261),1,-0.9,2.1,,163.6,,34.5538,126.5691
해남(261),2,0.3,2.3,,162.0,,34.5538,126.5691
해남(261),3,8.0,2.2,,192.5,,34.5538,126.5691
해남(261),4,13.0,2.8,,203.3,,34.5538,126.5691
해남(261),5,18.0,2.2,,158.2,,34.5538,126.5691
해남(261),6,21.7,2.0,,205.8,,34.5538,126.5691
해남(261),7,26.7,2.2,,262.1,,34.5538,126.5691
해남(261),8,27.5,2.6,5.9,214.3,,34.5538,126.5691
해남(261),9,20.7,1.9,6.4,154.0,,34.5538,126.5691
해남(261),10,13.3,1.9,4.6,227.7,,34.5538,126.5691
해남(261),11,7.9,1.0,4.2,196.5,,34.5538,126.5691
해남(261),12,2.3,1.6,6.4,148.8,,34.5538,126.5691
고흥(262),1,-0.1,1.7,,181.4,,34.6183,127.2757
고흥(262),2,1.5,1.7,,175.6,,34.6183,127.2757
고흥(262),3,8.5,1.5,,205.0,,34.6183,127.2757
고흥(262),4,13.5,1.6,,209.3,,34.6183,127.2757
고흥(262),5,17.8,1.4,,177.9,,34.6183,127.2757
고흥(262),6,21.4,1.1,,208.7,,34.6183,127.2757
고흥(262),7,26.4,1.2,,242.5,,34.6183,127.2757
고흥(262),8,27.4,1.5,6.0,202.7,,34.6183,127.2757
고흥(262),9,21.0,1.0,6.6,143.0,,34.6183,127.2757
고흥(262),10,14.0,1.3,3.9,219.7,,34.6183,127.2757
고흥(262),11,8.7,0.7,4.1,181.6,,34.6183,127.2757
고흥(262),12,3.4,1.4,5.0,159.1,,34.6183,127.2757
의령군(263),1,-1.2,1.3,,201.4,324.33,35.3226,128.2881
의령군(263),2,1.1,1.6,,203.3,383.32,35.3226,128.2881
의령군(263),3,8.7,1.6,,203.6,472.43,35.3226,128.2881
의령군(263),4,14.0,1.7,,221.6,556.74,35.3226,128.2881
의령군(263),5,18.7,1.3,,179.3,566.81,35.3226,128.2881
의령군(263),6,22.8,1.0,,181.6,568.25,35.3226,128.2881
의령군(263),7,27.4,0.9,,222.1,621.56,35.3226,128.2881
의령군(263),8,27.0,1.1,6.0,198.0,556.97,35.3226,128.2881
의령군(263),9,20.6,0.7,6.9,124.0,393.06,35.3226,128.2881
의령군(263),10,13.0,0.9,4.1,211.8,430.06,35.3226,128.2881
의령군(263),11,7.4,0.7,4.3,163.4,299.02,35.3226,128.2881
의령군(263),12,2.0,1.0,4.5,164.8,271.54,35.3226,128.2881
함양군(264),1,-1.6,2.0,,181.9,309.96,35.5114,127.7454
함양군(264),2,0.0,1.8,,190.9,368.97,35.5114,127.7454
함양군(264),3,8.0,1.4,,215.1,495.47,35.5114,127.7454
함양군(264),4,13.3,1.7,,222.5,563.61,35.5114,127.7454
함양군(264),5,18.0,1.2,,193.7,596.7,35.5114,127.7454
함양군(264),6,22.5,0.9,,202.4,615.61,35.5114,127.7454
함양군(264),7,26.5,0.8,,218.8,624.47,35.5114,127.7454
함양군(264),8,26.2,0.9,6.1,187.2,534.35,35.5114,127.7454
함양군(264),9,19.4,0.7,6.7,137.2,416.23,35.5114,127.7454
함양군(264),10,11.9,1.1,4.4,201.7,424.57,35.5114,127.7454
함양군(264),11,6.6,0.6,4.4,165.5,296.65,35.5114,127.7454
함양군(264),12,1.6,1.5,5.2,163.6,271.95,35.5114,127.7454
,1,,,,,,,
,2,,,,,,,
,3,,,,,,,
,4,,,,,,,
,5,,,,,,,
,6,,,,,,,
,7,,,,,,,
,8,,,,,,,
,9,,,,,,,
,10,,,,,,,
,11,,,,,,,
,12,,,,,,,
광양시(266),1,0.7,2.3,,206.8,331.05,34.9434,127.6914
광양시(266),2,2.7,2.1,,192.6,377.06,34.9434,127.6914
광양시(266),3,9.6,2.4,,208.8,480.35,34.9434,127.6914
광양시(266),4,14.5,2.2,,217.2,554.68,34.9434,127.6914
광양시(266),5,18.7,1.8,,190.3,559.53,34.9434,127.6914
광양시(266),6,22.7,1.5,,211.1,596.52,34.9434,127.6914
광양시(266),7,27.8,1.5,,233.1,587.48,34.9434,127.6914
광양시(266),8,27.9,2.0,6.2,191.3,539.23,34.9434,127.6914
광양시(266),9,21.6,2.0,6.5,139.4,414.12,34.9434,127.6914
광양시(266),10,15.4,1.6,4.1,215.3,449.91,34.9434,127.6914
광양시(266),11,11.4,1.0,4.0,187.2,320.23,34.9434,127.6914
광양시(266),12,4.7,1.8,4.6,181.1,279.59,34.9434,127.6914
진도군(268),1,0.9,2.9,,117.1,,34.4731,126.2585
진도군(268),2,1.9,3.0,,160.5,,34.4731,126.2585
진도군(268),3,8.4,2.2,,148.4,,34.4731,126.2585
진도군(268),4,13.5,2.6,,210.0,,34.4731,126.2585
진도군(268),5,17.7,2.2,,159.8,,34.4731,126.2585
진도군(268),6,21.4,1.9,,206.9,,34.4731,126.2585
진도군(268),7,26.8,1.9,,261.5,,34.4731,126.2585
진도군(268),8,27.7,2.3,5.6,237.9,,34.4731,126.2585
진도군(268),9,21.6,1.8,6.3,159.6,,34.4731,126.2585
진도군(268),10,14.9,2.4,4.4,221.8,,34.4731,126.2585
진도군(268),11,9.8,1.8,4.2,194.5,,34.4731,126.2585
진도군(268),12,4.5,3.1,6.8,124.7,,34.4731,126.2585
봉화(271),1,-5.2,1.7,,192.9,,36.9436,128.914
봉화(271),2,-3.6,1.6,,199.5,,36.9436,128.914
봉화(271),3,5.7,1.8,,212.7,,36.9436,128.914
봉화(271),4,11.4,1.8,,225.1,,36.9436,128.914
봉화(271),5,15.9,1.6,,194.9,,36.9436,128.914
봉화(271),6,20.3,1.5,,190.6,,36.9436,128.914
봉화(271),7,25.0,1.4,,225.3,,36.9436,128.914
봉화(271),8,24.7,1.3,6.7,159.0,,36.9436,128.914
봉화(271),9,17.4,1.2,6.8,130.4,,36.9436,128.914
봉화(271),10,9.7,1.4,4.4,179.0,,36.9436,128.914
봉화(271),11,4.5,1.1,4.3,156.2,,36.9436,128.914
봉화(271),12,-2.1,1.4,4.2,188.0,,36.9436,128.914
영주(272),1,-3.9,4.1,,194.3,,36.8719,128.517
영주(272),2,-1.6,3.8,,214.4,,36.8719,128.517
영주(272),3,7.3,2.6,,214.3,,36.8719,128.517
영주(272),4,12.8,2.8,,235.6,,36.8719,128.517
영주(272),5,17.1,2.1,,232.1,,36.8719,128.517
영주(272),6,21.9,1.9,,222.9,,36.8719,128.517
영주(272),7,26.0,1.7,,257.3,,36.8719,128.517
영주(272),8,25.3,1.4,6.5,199.4,,36.8719,128.517
영주(272),9,18.2,1.6,6.5,160.2,,36.8719,128.517
영주(272),10,11.0,2.3,4.7,220.6,,36.8719,128.517
영주(272),11,5.8,2.0,4.1,170.4,,36.8719,128.517
영주(272),12,-1.0,3.3,4.4,192.1,,36.8719,128.517
문경(273),1,-3.1,2.5,,183.1,,36.6273,128.148
문경(273),2,-0.7,2.6,,206.5,,36.6273,128.148
문경(273),3,7.9,2.1,,198.6,,36.6273,128.148
문경(273),4,13.5,2.4,,229.9,,36.6273,128.148
문경(273),5,17.8,1.9,,197.8,,36.6273,128.148
문경(273),6,22.5,1.9,,189.9,,36.6273,128.148
문경(273),7,26.6,1.5,,220.1,,36.6273,128.148
문경(273),8,26.6,1.7,6.3,180.1,,36.6273,128.148
문경(273),9,19.2,1.5,6.3,159.0,,36.6273,128.148
문경(273),10,11.7,1.8,4.4,215.4,,36.6273,128.148
문경(273),11,6.7,1.6,4.4,160.9,,36.6273,128.148
문경(273),12,-0.2,2.3,4.1,176.4,,36.6273,128.148
청송군(276),1,-4.0,2.1,,188.0,299.46,36.4321,129.0423
청송군(276),2,-2.1,2.0,,191.4,362.2,36.4321,129.0423
청송군(276),3,6.3,1.7,,209.7,473.31,36.4321,129.0423
청송군(276),4,12.2,1.9,,236.3,565.62,36.4321,129.0423
청송군(276),5,16.8,1.5,,200.0,586.6,36.4321,129.0423
청송군(276),6,20.7,1.2,,178.6,561.25,36.4321,129.0423
청송군(276),7,25.7,1.0,,226.1,619.03,36.4321,129.0423
청송군(276),8,25.4,1.3,6.2,185.6,534.08,36.4321,129.0423
청송군(276),9,18.4,1.0,6.7,116.7,367.1,36.4321,129.0423
청송군(276),10,10.9,1.3,5.1,182.6,398.14,36.4321,129.0423
청송군(276),11,5.4,0.9,4.7,148.1,280.45,36.4321,129.0423
청송군(276),12,-1.2,1.5,4.2,176.5,267.29,36.4321,129.0423
영덕(277),1,-0.4,3.4,,205.3,,36.5333,129.4094
영덕(277),2,1.1,3.3,,214.9,,36.5333,129.4094
영덕(277),3,9.1,4.2,,222.3,,36.5333,129.4094
영덕(277),4,13.9,3.5,,257.2,,36.5333,129.4094
영덕(277),5,17.2,3.1,,222.1,,36.5333,129.4094
영덕(277),6,22.0,2.6,,204.5,,36.5333,129.4094
영덕(277),7,26.1,2.6,,261.2,,36.5333,129.4094
영덕(277),8,25.9,2.0,6.1,200.7,,36.5333,129.4094
영덕(277),9,20.1,2.3,6.8,149.8,,36.5333,129.4094
영덕(277),10,13.6,2.7,3.9,221.7,,36.5333,129.4094
영덕(277),11,9.2,2.3,4.1,177.9,,36.5333,129.4094
영덕(277),12,2.9,2.7,4.4,177.0,,36.5333,129.4094
의성(278),1,-3.6,1.5,,200.6,,36.3561,128.688
의성(278),2,-1.9,1.5,,212.5,,36.3561,128.688
의성(278),3,7.5,1.5,,213.3,,36.3561,128.688
의성(278),4,13.5,1.7,,232.4,,36.3561,128.688
의성(278),5,18.4,1.5,,218.3,,36.3561,128.688
의성(278),6,22.7,1.3,,206.1,,36.3561,128.688
의성(278),7,27.7,1.3,,265.6,,36.3561,128.688
의성(278),8,27.8,1.4,6.2,204.1,,36.3561,128.688
의성(278),9,19.9,1.2,6.3,143.6,,36.3561,128.688
의성(278),10,11.8,1.1,4.6,203.0,,36.3561,128.688
의성(278),11,6.1,0.8,4.5,163.4,,36.3561,128.688
의성(278),12,-0.9,1.1,4.1,185.2,,36.3561,128.688
구미(279),1,-1.3,1.5,,181.5,,36.13,128.32
구미(279),2,0.7,1.5,,184.3,,36.13,128.32
구미(279),3,8.9,1.3,,180.5,,36.13,128.32
구미(279),4,14.5,1.3,,232.9,,36.13,128.32
구미(279),5,19.1,1.3,,219.4,,36.13,128.32
구미(279),6,23.4,1.1,,197.3,,36.13,128.32
구미(279),7,27.5,1.0,,242.0,,36.13,128.32
구미(279),8,27.7,1.1,6.0,209.8,,36.13,128.32
구미(279),9,20.3,0.8,6.3,145.4,,36.13,128.32
구미(279),10,13.1,0.9,4.2,203.1,,36.13,128.32
구미(279),11,7.7,0.6,4.3,155.2,,36.13,128.32
구미(279),12,1.2,1.1,4.4,159.1,,36.13,128.32
영천(281),1,-1.6,2.5,,188.1,,35.9774,128.9514
영천(281),2,0.2,2.3,,209.9,,35.9774,128.9514
영천(281),3,8.5,2.0,,218.9,,35.9774,128.9514
영천(281),4,14.3,2.1,,250.4,,35.9774,128.9514
영천(281),5,18.5,1.9,,206.9,,35.9774,128.9514
영천(281),6,22.7,1.6,,196.6,,35.9774,128.9514
영천(281),7,27.7,1.6,,245.0,,35.9774,128.9514
영천(281),8,27.1,1.8,6.3,212.3,,35.9774,128.9514
영천(281),9,20.4,1.4,6.9,141.4,,35.9774,128.9514
영천(281),10,13.4,1.5,4.1,225.3,,35.9774,128.9514
영천(281),11,7.5,1.1,4.0,162.4,,35.9774,128.9514
영천(281),12,1.2,2.0,4.4,162.0,,35.9774,128.9514
경주시(283),1,-0.8,3.0,,205.0,190.59,35.8175,129.2009
경주시(283),2,1.0,2.8,,197.0,215.01,35.8175,129.2009
경주시(283),3,8.5,3.1,,210.6,273.81,35.8175,129.2009
경주시(283),4,14.3,3.0,,247.6,529.12,35.8175,129.2009
경주시(283),5,18.2,2.8,,198.1,520.32,35.8175,129.2009
경주시(283),6,22.3,2.3,,179.5,510.33,35.8175,129.2009
경주시(283),7,26.9,2.1,,228.8,572.11,35.8175,129.2009
경주시(283),8,26.6,1.8,6.2,208.9,505.17,35.8175,129.2009
경주시(283),9,20.3,1.8,7.3,112.8,331.02,35.8175,129.2009
경주시(283),10,13.7,1.9,4.2,204.6,396.81,35.8175,129.2009
경주시(283),11,8.3,1.7,3.8,166.7,283.41,35.8175,129.2009
경주시(283),12,2.3,2.6,4.6,170.1,256.42,35.8175,129.2009
거창(284),1,-2.3,1.5,,201.3,,35.6674,127.90899999999999
거창(284),2,-0.5,1.8,,206.4,,35.6674,127.90899999999999
거창(284),3,7.6,1.4,,194.0,,35.6674,127.90899999999999
거창(284),4,12.9,1.7,,209.3,,35.6674,127.90899999999999
거창(284),5,17.7,1.6,,199.2,,35.6674,127.90899999999999
거창(284),6,21.7,1.3,,182.8,,35.6674,127.90899999999999
거창(284),7,26.3,1.1,,222.6,,35.6674,127.90899999999999
거창(284),8,26.2,1.3,6.2,163.3,,35.6674,127.90899999999999
거창(284),9,19.0,1.0,6.7,110.9,,35.6674,127.90899999999999
거창(284),10,11.5,1.2,4.4,196.2,,35.6674,127.90899999999999
거창(284),11,6.3,0.8,4.1,167.7,,35.6674,127.90899999999999
거창(284),12,0.7,1.3,4.9,176.5,,35.6674,127.90899999999999
합천(285),1,-1.6,1.2,,200.1,,35.565,128.1699
합천(285),2,0.4,1.3,,202.9,,35.565,128.1699
합천(285),3,8.5,1.5,,217.7,,35.565,128.1699
합천(285),4,14.1,1.6,,237.8,,35.565,128.1699
합천(285),5,18.8,1.6,,203.7,,35.565,128.1699
합천(285),6,22.9,1.3,,196.1,,35.565,128.1699
합천(285),7,27.6,1.3,,247.2,,35.565,128.1699
합천(285),8,27.3,1.3,6.1,213.9,,35.565,128.1699
합천(285),9,20.3,1.0,6.7,146.1,,35.565,128.1699
합천(285),10,12.7,1.1,3.9,223.6,,35.565,128.1699
합천(285),11,7.2,0.8,4.2,169.2,,35.565,128.1699
합천(285),12,1.4,1.0,4.6,173.1,,35.565,128.1699
밀양(288),1,-0.7,1.2,,192.2,,35.4915,128.7441
밀양(288),2,1.2,1.2,,195.7,,35.4915,128.7441
밀양(288),3,8.8,1.3,,210.1,,35.4915,128.7441
밀양(288),4,14.5,1.4,,231.7,,35.4915,128.7441
밀양(288),5,19.0,1.3,,198.5,,35.4915,128.7441
밀양(288),6,23.1,1.1,,200.5,,35.4915,128.7441
밀양(288),7,27.8,0.9,,242.8,,35.4915,128.7441
밀양(288),8,27.6,1.1,6.1,203.4,,35.4915,128.7441
밀양(288),9,21.1,1.0,7.1,126.5,,35.4915,128.7441
밀양(288),10,13.7,0.9,3.9,223.0,,35.4915,128.7441
밀양(288),11,7.8,0.7,3.9,165.0,,35.4915,128.7441
밀양(288),12,2.1,1.0,4.6,158.7,,35.4915,128.7441
산청(289),1,-1.0,2.2,,179.1,,35.413000000000004,127.8791
산청(289),2,0.7,2.2,,198.9,,35.413000000000004,127.8791
산청(289),3,8.4,1.7,,218.0,,35.413000000000004,127.8791
산청(289),4,13.6,2.0,,223.9,,35.413000000000004,127.8791
산청(289),5,18.1,1.9,,205.2,,35.413000000000004,127.8791
산청(289),6,22.2,1.5,,207.9,,35.413000000000004,127.8791
산청(289),7,27.0,1.3,,224.0,,35.413000000000004,127.8791
산청(289),8,26.6,1.3,6.2,205.7,,35.413000000000004,127.8791
산청(289),9,19.8,1.2,6.7,138.7,,35.413000000000004,127.8791
산청(289),10,12.8,1.6,4.2,191.1,,35.413000000000004,127.8791
산청(289),11,7.4,1.0,4.2,160.5,,35.413000000000004,127.8791
산청(289),12,2.0,2.1,4.8,150.4,,35.413000000000004,127.8791
거제(294),1,1.6,1.6,,181.4,,34.8882,128.6045
거제(294),2,3.6,1.9,,195.9,,34.8882,128.6045
거제(294),3,9.8,2.2,,209.7,,34.8882,128.6045
거제(294),4,14.5,2.2,,220.5,,34.8882,128.6045
거제(294),5,18.6,2.1,,189.4,,34.8882,128.6045
거제(294),6,22.1,1.9,,201.1,,34.8882,128.6045
거제(294),7,27.4,1.9,,268.1,,34.8882,128.6045
거제(294),8,28.1,2.2,5.8,202.6,,34.8882,128.6045
거제(294),9,22.0,1.5,7.0,124.6,,34.8882,128.6045
거제(294),10,15.8,1.4,4.1,222.1,,34.8882,128.6045
거제(294),11,11.1,1.0,3.9,174.1,,34.8882,128.6045
거제(294),12,5.2,1.5,4.5,152.0,,34.8882,128.6045
남해(295),1,0.9,1.2,,199.3,,34.8166,127.9264
남해(295),2,2.9,1.3,,194.1,,34.8166,127.9264
남해(295),3,9.3,1.3,,206.4,,34.8166,127.9264
남해(295),4,14.4,1.5,,221.2,,34.8166,127.9264
남해(295),5,18.8,1.5,,190.7,,34.8166,127.9264
남해(295),6,22.4,1.3,,205.0,,34.8166,127.9264
남해(295),7,27.1,1.2,,252.6,,34.8166,127.9264
남해(295),8,28.0,1.5,5.8,217.6,,34.8166,127.9264
남해(295),9,21.5,1.3,6.8,135.6,,34.8166,127.9264
남해(295),10,15.2,1.4,4.2,226.1,,34.8166,127.9264
남해(295),11,10.5,1.0,4.1,190.4,,34.8166,127.9264
남해(295),12,4.4,1.1,4.9,168.8,,34.8166,127.9264
